Rank,Niche Name,Rankability Score,Demand Score,Competition Score,Local Pack Score,Content Gap Score,Seasonality Score,Total Keywords,Average Volume,Average CPC,Verdict,Ease of Ranking,Key Strengths,Key Weaknesses,Recommendations
1,"Luxury Pet Grooming and Spa Services",67,97,95,0,0,95,7,13020,2.97,CAUTION,MODERATE,"High search demand; Low competition; Stable search trends","Limited local pack opportunities; Limited content opportunities","Opportunity to capture market share with quality content"
2,"Specialized Family Office Concierge Services",56,100,89,0,0,0,7,13226,7.38,CAUTION,MODERATE,"High search demand; Low competition","Limited local pack opportunities; Limited content opportunities; Volatile search trends","Opportunity to capture market share with quality content; Monitor seasonal trends and adjust content strategy accordingly"
3,"Smart Home Installation",52,100,76,0,0,0,7,16971,6.24,CAUTION,MODERATE,"High search demand; Low competition","Limited local pack opportunities; Limited content opportunities; Volatile search trends","Opportunity to capture market share with quality content; Monitor seasonal trends and adjust content strategy accordingly"
4,"Yacht and Jet Detailing Services",46,20,83,50,29,0,7,1669,4.22,NO-GO,HARD,"Low competition","Low search demand; Limited content opportunities; Volatile search trends","Focus on long-tail keywords with higher commercial intent; Opportunity to capture market share with quality content; Monitor seasonal trends and adjust content strategy accordingly"
5,"Non-Surgical Rhinoplasty Options",45,89,65,0,0,0,6,13167,4.77,NO-GO,HARD,"High search demand","Limited local pack opportunities; Limited content opportunities; Volatile search trends","Monitor seasonal trends and adjust content strategy accordingly"
6,"Luxury Home Security Systems",44,49,92,0,0,0,6,277,23.53,NO-GO,HARD,"Low competition","Limited local pack opportunities; Limited content opportunities; Volatile search trends","Focus on long-tail keywords with higher commercial intent; Opportunity to capture market share with quality content; Monitor seasonal trends and adjust content strategy accordingly"
7,"Preventative Mold Treatment Services",43,16,69,50,50,0,2,25,7.8,NO-GO,HARD,"","Low search demand; Volatile search trends","Focus on long-tail keywords with higher commercial intent; Monitor seasonal trends and adjust content strategy accordingly"
8,"Kitchen Remodeling",42,52,73,0,20,0,5,4502,14.7,NO-GO,HARD,"Low competition","Limited local pack opportunities; Limited content opportunities; Volatile search trends","Opportunity to capture market share with quality content; Monitor seasonal trends and adjust content strategy accordingly"
9,"Bathroom Remodeling",38,43,78,0,0,0,5,3668,12.5,NO-GO,HARD,"Low competition","Limited local pack opportunities; Limited content opportunities; Volatile search trends","Focus on long-tail keywords with higher commercial intent; Opportunity to capture market share with quality content; Monitor seasonal trends and adjust content strategy accordingly"
10,"Custom Smart Wine Cellars",34,21,59,50,0,0,3,1417,8.51,NO-GO,HARD,"","Low search demand; Limited content opportunities; Volatile search trends","Focus on long-tail keywords with higher commercial intent; Monitor seasonal trends and adjust content strategy accordingly"
11,"Cybersecurity Integration with Smart Home Security",34,0,98,0,0,0,1,170,0,NO-GO,HARD,"Low competition","Low search demand; Limited local pack opportunities; Limited content opportunities; Volatile search trends","Focus on long-tail keywords with higher commercial intent; Opportunity to capture market share with quality content; Monitor seasonal trends and adjust content strategy accordingly"
12,"Digital Estate Planning and Online Will Services",33,5,91,0,0,0,7,153,2.07,NO-GO,HARD,"Low competition","Low search demand; Limited local pack opportunities; Limited content opportunities; Volatile search trends","Focus on long-tail keywords with higher commercial intent; Opportunity to capture market share with quality content; Monitor seasonal trends and adjust content strategy accordingly"
13,"Executive Wellness and Health Optimization Services",33,13,84,0,0,0,6,473,4.87,NO-GO,HARD,"Low competition","Low search demand; Limited local pack opportunities; Limited content opportunities; Volatile search trends","Focus on long-tail keywords with higher commercial intent; Opportunity to capture market share with quality content; Monitor seasonal trends and adjust content strategy accordingly"
14,"Hurricane-Proof Home Retrofitting Services",33,30,73,0,0,0,3,3930,9.28,NO-GO,HARD,"Low competition","Limited local pack opportunities; Limited content opportunities; Volatile search trends","Focus on long-tail keywords with higher commercial intent; Opportunity to capture market share with quality content; Monitor seasonal trends and adjust content strategy accordingly"
15,"High-End Pool and Spa Maintenance Services",32,19,79,0,0,0,6,83,9,NO-GO,HARD,"Low competition","Low search demand; Limited local pack opportunities; Limited content opportunities; Volatile search trends","Focus on long-tail keywords with higher commercial intent; Opportunity to capture market share with quality content; Monitor seasonal trends and adjust content strategy accordingly"
16,"Eco-Friendly and Green Roof Installation Services",31,13,81,0,0,0,6,233,5.61,NO-GO,HARD,"Low competition","Low search demand; Limited local pack opportunities; Limited content opportunities; Volatile search trends","Focus on long-tail keywords with higher commercial intent; Opportunity to capture market share with quality content; Monitor seasonal trends and adjust content strategy accordingly"
17,"Saltwater Pool Conversion Services",31,24,72,0,0,0,3,1013,10.42,NO-GO,HARD,"Low competition","Low search demand; Limited local pack opportunities; Limited content opportunities; Volatile search trends","Focus on long-tail keywords with higher commercial intent; Opportunity to capture market share with quality content; Monitor seasonal trends and adjust content strategy accordingly"
18,"Luxury Estate and Property Management Services",30,30,66,0,0,0,3,1380,12.75,NO-GO,HARD,"","Limited local pack opportunities; Limited content opportunities; Volatile search trends","Focus on long-tail keywords with higher commercial intent; Monitor seasonal trends and adjust content strategy accordingly"
19,"Premium Pet Boarding and Luxury Pet Hotels",29,39,56,0,0,0,6,5433,3.22,NO-GO,HARD,"","Limited local pack opportunities; Limited content opportunities; Volatile search trends","Focus on long-tail keywords with higher commercial intent; Monitor seasonal trends and adjust content strategy accordingly"