Rank,Niche Name,Rankability Score,Ease of Ranking #1,Demand Score,Competition Score,Local Pack Score,Content Gap Score,Seasonality Score,Avg Search Volume,Avg CPC,Total Keywords,Verdict
1,"Luxury Pet Grooming and Spa Services",67,MEDIUM,97,95,0,0,95,13020,2.97,7,CAUTION
2,"Specialized Family Office Concierge Services",56,MEDIUM,100,89,0,0,0,13226,7.38,7,CAUTION
3,"Smart Home Installation",52,MEDIUM,100,76,0,0,0,16971,6.24,7,CAUTION
4,"Yacht and Jet Detailing Services",46,HARD,20,83,50,29,0,1669,4.22,7,NO-GO
5,"Non-Surgical Rhinoplasty Options",45,HARD,89,65,0,0,0,13167,4.77,6,NO-GO
6,"Luxury Home Security Systems",44,HARD,49,92,0,0,0,277,23.53,6,NO-GO
7,"Preventative Mold Treatment Services",43,HARD,16,69,50,50,0,25,7.8,2,NO-GO
8,"Custom Smart Wine Cellars",34,HARD,21,59,50,0,0,1417,8.51,3,NO-GO
9,"Cybersecurity Integration with Smart Home Security",34,HARD,0,98,0,0,0,170,0,1,NO-GO
10,"Digital Estate Planning and Online Will Services",33,HARD,5,91,0,0,0,153,2.07,7,NO-GO
11,"Executive Wellness and Health Optimization Services",33,HARD,13,84,0,0,0,473,4.87,6,NO-GO
12,"Hurricane-Proof Home Retrofitting Services",33,HARD,30,73,0,0,0,3930,9.28,3,NO-GO
13,"High-End Pool and Spa Maintenance Services",32,HARD,19,79,0,0,0,83,9,6,NO-GO
14,"Eco-Friendly and Green Roof Installation Services",31,HARD,13,81,0,0,0,233,5.61,6,NO-GO
15,"Saltwater Pool Conversion Services",31,HARD,24,72,0,0,0,1013,10.42,3,NO-GO
16,"Luxury Estate and Property Management Services",30,HARD,30,66,0,0,0,1380,12.75,3,NO-GO
17,"Premium Pet Boarding and Luxury Pet Hotels",29,HARD,39,56,0,0,0,5433,3.22,6,NO-GO