Niche,Slug,Rankability Score,Recommendation,Avg Search Volume,Avg CPC,Demand Score,Competition Score,Local Pack Score,Content Gap Score,Seasonality Score,Top Keyword,Top Keyword Volume,Miami vs US Interest,Trends Stability,YMYL Flag
"Mold Remediation Services","mold-remediation-services",86,"STRONG GO",1850,7.25,23,30,14,14,5,"mold removal miami",1000,2.1,0.72,FALSE
"Smart Outdoor Lighting Solutions","smart-outdoor-lighting-solutions",82,"STRONG GO",980,5.80,21,29,13,14,5,"outdoor lighting miami",480,1.6,0.68,FALSE
"Preventative Mold Treatment Services","preventative-mold-treatment-services",84,"STRONG GO",1620,6.90,22,29,14,14,5,"mold prevention miami",720,1.9,0.70,FALSE
"Yacht Maintenance and Repair Services","yacht-maintenance-repair-services",88,"STRONG GO",2240,8.50,24,30,14,15,5,"yacht maintenance miami",880,2.3,0.75,FALSE
"Yacht and Jet Detailing Services","yacht-jet-detailing-services",85,"STRONG GO",1890,7.80,23,29,14,14,5,"yacht detailing miami",720,2.0,0.71,FALSE
"Cybersecurity Integration with Smart Home Security","cybersecurity-smart-home-integration",79,"GO",850,9.20,20,28,12,14,5,"smart home security miami",390,1.4,0.65,FALSE
"Custom Smart Wine Cellars","custom-smart-wine-cellars",81,"STRONG GO",680,12.50,19,28,13,15,6,"custom wine cellar miami",260,1.7,0.69,FALSE
"Non-Surgical Rhinoplasty Options","non-surgical-rhinoplasty-options",75,"GO - YMYL",1120,15.80,21,26,11,13,4,"liquid rhinoplasty miami",480,1.5,0.62,TRUE
"Smart Home Installation","smart-home-installation",83,"STRONG GO",1540,8.40,22,29,13,14,5,"smart home installation miami",590,1.8,0.70,FALSE
"Specialized Family Office Concierge Services","specialized-family-office-concierge-services",77,"GO",620,18.20,18,27,12,14,6,"family office services miami",210,1.6,0.64,FALSE
"Digital Estate Planning and Online Will Services","digital-estate-planning-online-will-services",72,"GO - YMYL",890,11.50,19,25,11,13,4,"online will services miami",320,1.3,0.58,TRUE
"Tax Advisory for Cryptocurrency and Digital Assets","tax-advisory-cryptocurrency-digital-assets",76,"GO - YMYL",1050,14.70,20,26,12,13,5,"crypto tax advisor miami",390,1.5,0.61,TRUE
"Niche Tax Advisory for Real Estate Investors","niche-tax-advisory-real-estate-investors",78,"GO - YMYL",1280,13.90,21,27,12,13,5,"real estate tax advisor miami",480,1.6,0.63,TRUE
"Digital Estate Planning Services","digital-estate-planning-services",73,"GO - YMYL",920,11.80,19,25,11,13,5,"digital estate planning miami",340,1.4,0.59,TRUE
"Specialized Elder Law Consulting","specialized-elder-law-consulting",74,"GO - YMYL",1080,12.60,20,26,11,13,4,"elder law attorney miami",420,1.4,0.60,TRUE
"Metal Roof Maintenance and Inspection Services","metal-roof-maintenance-inspection-services",80,"STRONG GO",1340,9.80,21,28,13,14,4,"metal roof maintenance miami",520,1.7,0.68,FALSE
"Roofing Inspection and Maintenance Plans","roofing-inspection-and-maintenance-plans",81,"STRONG GO",1480,10.20,22,28,13,14,4,"roof maintenance miami",590,1.8,0.69,FALSE
"Outdoor Kitchen Design Consultation and Customization Services","outdoor-kitchen-design-consultation-and-customization-services",83,"STRONG GO",1620,11.40,22,29,13,14,5,"outdoor kitchen miami",640,1.9,0.70,FALSE
"High-tech Smart Home Remodeling","high-tech-smart-home-remodeling",82,"STRONG GO",1390,10.80,21,29,13,14,5,"smart home remodeling miami",540,1.8,0.69,FALSE
"Pool Automation and Smart Pool Technology Installations","pool-automation-smart-pool-technology-installations",84,"STRONG GO",1580,8.90,22,28,13,14,7,"pool automation miami",260,1.8,0.65,FALSE

